{"stats":{"minecraft:picked_up":{"minecraft:barrier":1,"minecraft:azure_bluet":1,"minecraft:salmon":5,"minecraft:filled_map":117,"minecraft:map":4,"minecraft:dirt":119,"minecraft:item_frame":33,"minecraft:twisting_vines":10,"minecraft:bone":4,"minecraft:oak_sign":2,"minecraft:kelp":6,"minecraft:sea_pickle":1,"minecraft:wheat_seeds":2,"minecraft:smooth_quartz":1,"minecraft:bamboo":14,"minecraft:smooth_quartz_stairs":1,"minecraft:iron_sword":1,"minecraft:white_stained_glass_pane":2,"minecraft:stone":2,"minecraft:grass_block":1,"minecraft:music_disc_mall":1,"minecraft:arrow":2,"minecraft:rotten_flesh":4,"minecraft:bone_meal":1,"minecraft:warped_roots":1,"minecraft:obsidian":1,"minecraft:rail":2,"minecraft:cobblestone":14},"minecraft:killed":{"minecraft:salmon":2,"minecraft:bat":7,"minecraft:skeleton":3,"minecraft:zombie":3,"minecraft:panda":8},"minecraft:crafted":{"minecraft:emerald":24,"minecraft:bookshelf":12,"minecraft:enchanted_book":2,"minecraft:air":0},"minecraft:custom":{"minecraft:mob_kills":26,"minecraft:animals_bred":1,"minecraft:traded_with_villager":38,"minecraft:play_one_minute":286491,"minecraft:open_shulker_box":44,"minecraft:leave_game":16,"minecraft:time_since_death":229298,"minecraft:climb_one_cm":2681,"minecraft:time_since_rest":229327,"minecraft:walk_one_cm":732437,"minecraft:sprint_one_cm":174430,"minecraft:damage_taken":800,"minecraft:drop":25,"minecraft:damage_dealt":2091,"minecraft:talked_to_villager":10,"minecraft:fly_one_cm":960543,"minecraft:open_chest":59,"minecraft:crouch_one_cm":2193,"minecraft:deaths":8,"minecraft:sneak_time":2279,"minecraft:walk_under_water_one_cm":4355,"minecraft:interact_with_lectern":4,"minecraft:jump":1186,"minecraft:walk_on_water_one_cm":16416},"minecraft:used":{"minecraft:water_bucket":44,"minecraft:writable_book":1,"minecraft:iron_bars":3,"minecraft:flint_and_steel":21,"minecraft:oak_sign":3,"minecraft:ender_pearl":10,"minecraft:stone":112,"minecraft:iron_sword":43,"minecraft:magenta_stained_glass":5,"minecraft:quartz_stairs":19,"minecraft:rotten_flesh":18,"minecraft:soul_campfire":8,"minecraft:smooth_quartz_stairs":1,"minecraft:oak_leaves":62,"minecraft:bee_spawn_egg":1,"minecraft:soul_sand":2,"minecraft:sand":6,"minecraft:vine":91,"minecraft:campfire":3,"minecraft:chiseled_quartz_block":10,"minecraft:spruce_fence":3,"minecraft:obsidian":41,"minecraft:ender_eye":29,"minecraft:quartz_pillar":2,"minecraft:grass_block":78,"minecraft:panda_spawn_egg":6,"minecraft:barrier":12,"minecraft:map":147,"minecraft:quartz_block":2,"minecraft:lectern":3,"minecraft:stone_slab":9,"minecraft:smooth_quartz":404,"minecraft:crimson_planks":1,"minecraft:stone_brick_stairs":76,"minecraft:bamboo":4,"minecraft:diamond_sword":5,"minecraft:magma_block":8,"minecraft:oak_sapling":184,"minecraft:white_stained_glass_pane":8,"minecraft:bucket":2,"minecraft:end_portal_frame":48,"minecraft:skeleton_skull":27,"minecraft:kelp":7,"minecraft:bone_meal":1476,"minecraft:dark_oak_sapling":53},"minecraft:dropped":{"minecraft:iron_sword":1,"minecraft:flint_and_steel":1,"minecraft:filled_map":20,"minecraft:stone":2,"minecraft:map":3}},"DataVersion":2567}