{"stats":{"minecraft:picked_up":{"minecraft:barrier":1,"minecraft:music_disc_stal":2,"minecraft:music_disc_cat":2,"minecraft:soul_lantern":1,"minecraft:cooked_chicken":1,"minecraft:oak_sapling":1,"minecraft:melon_slice":1,"minecraft:dark_oak_fence":1},"minecraft:custom":{"minecraft:time_since_rest":60433,"minecraft:sprint_one_cm":62310,"minecraft:walk_one_cm":71127,"minecraft:mob_kills":1,"minecraft:damage_dealt":187,"minecraft:play_record":4,"minecraft:fly_one_cm":346063,"minecraft:open_chest":2,"minecraft:play_one_minute":60433,"minecraft:crouch_one_cm":3013,"minecraft:sneak_time":1699,"minecraft:jump":313,"minecraft:leave_game":3,"minecraft:time_since_death":60433},"minecraft:used":{"minecraft:purple_stained_glass":1,"minecraft:sea_lantern":13,"minecraft:warped_trapdoor":60,"minecraft:villager_spawn_egg":2,"minecraft:flint_and_steel":21,"minecraft:warped_hyphae":19,"minecraft:quartz_slab":9,"minecraft:smooth_quartz_slab":39,"minecraft:warped_fence":14,"minecraft:lectern":6,"minecraft:smooth_quartz":152,"minecraft:warped_sign":1,"minecraft:quartz_stairs":14,"minecraft:music_disc_stal":2,"minecraft:soul_lantern":12,"minecraft:smooth_quartz_stairs":20,"minecraft:stripped_warped_hyphae":38,"minecraft:soul_campfire":2,"minecraft:respawn_anchor":19,"minecraft:diamond_sword":11,"minecraft:music_disc_cat":2,"minecraft:soul_soil":21,"minecraft:cyan_stained_glass_pane":3,"minecraft:chain":3,"minecraft:gold_block":6,"minecraft:shulker_spawn_egg":1,"minecraft:dragon_head":2,"minecraft:jukebox":3,"minecraft:soul_torch":11},"minecraft:killed":{"minecraft:villager":1}},"DataVersion":2567}