{"stats":{"minecraft:picked_up":{"minecraft:barrier":1,"minecraft:filled_map":3,"minecraft:music_disc_cat":1,"minecraft:dirt":177,"minecraft:item_frame":1,"minecraft:oak_sapling":1,"minecraft:melon_slice":1,"minecraft:iron_bars":16},"minecraft:killed":{"minecraft:ender_dragon":1},"minecraft:custom":{"minecraft:time_since_rest":200038,"minecraft:sprint_one_cm":25345,"minecraft:walk_one_cm":56687,"minecraft:interact_with_anvil":1,"minecraft:mob_kills":1,"minecraft:drop":22,"minecraft:fly_one_cm":839781,"minecraft:open_chest":148,"minecraft:crouch_one_cm":1358,"minecraft:play_one_minute":200038,"minecraft:sneak_time":5339,"minecraft:jump":177,"minecraft:leave_game":6,"minecraft:walk_on_water_one_cm":2280,"minecraft:time_since_death":199922,"minecraft:climb_one_cm":236},"minecraft:used":{"minecraft:water_bucket":6,"minecraft:netherite_sword":75,"minecraft:sea_lantern":12,"minecraft:warped_trapdoor":2,"minecraft:warped_hyphae":8,"minecraft:quartz_slab":49,"minecraft:grass_block":201,"minecraft:barrier":120,"minecraft:warped_fence":56,"minecraft:oak_sign":1,"minecraft:andesite_slab":32,"minecraft:chest":5,"minecraft:stone_slab":90,"minecraft:stone":909,"minecraft:smooth_quartz":358,"minecraft:blue_carpet":1,"minecraft:soul_lantern":4,"minecraft:smooth_quartz_stairs":109,"minecraft:item_frame":40,"minecraft:bedrock":3,"minecraft:soul_campfire":7,"minecraft:stripped_warped_hyphae":3,"minecraft:dirt":356,"minecraft:anvil":1,"minecraft:white_carpet":2,"minecraft:end_crystal":16,"minecraft:dark_oak_fence":4,"minecraft:bucket":6,"minecraft:cobblestone_wall":42,"minecraft:andesite":4,"minecraft:stone_stairs":332,"minecraft:chain":8},"minecraft:dropped":{"minecraft:filled_map":7,"minecraft:water_bucket":2,"minecraft:stripped_warped_hyphae":1,"minecraft:anvil":1,"minecraft:soul_campfire":1,"minecraft:dark_oak_fence":1,"minecraft:smooth_quartz_stairs":1,"minecraft:melon_slice":1,"minecraft:oak_sapling":1,"minecraft:white_carpet":1,"minecraft:bedrock":1,"minecraft:blue_carpet":1,"minecraft:bucket":1,"minecraft:music_disc_cat":1,"minecraft:end_crystal":1}},"DataVersion":2567}