{"stats":{"minecraft:used":{"minecraft:water_bucket":23,"minecraft:jungle_leaves":115,"minecraft:end_rod":33,"minecraft:writable_book":5,"minecraft:iron_bars":37,"minecraft:flint_and_steel":15,"minecraft:smooth_quartz_slab":16,"minecraft:dispenser":4,"minecraft:oak_sign":41,"minecraft:andesite_slab":3,"minecraft:chest":12,"minecraft:stone":394,"minecraft:magenta_stained_glass":42,"minecraft:quartz_stairs":58,"minecraft:soul_campfire":1,"minecraft:netherrack":1,"minecraft:smooth_quartz_stairs":104,"minecraft:torch":1,"minecraft:anvil":1,"minecraft:dirt":1,"minecraft:birch_pressure_plate":1,"minecraft:rail":13,"minecraft:vine":3,"minecraft:cyan_glazed_terracotta":1,"minecraft:tnt":3,"minecraft:hopper":1,"minecraft:campfire":5,"minecraft:stone_stairs":6,"minecraft:chiseled_quartz_block":86,"minecraft:lingering_potion":59,"minecraft:warped_planks":11,"minecraft:obsidian":119,"minecraft:shroomlight":3,"minecraft:redstone_torch":2,"minecraft:dark_oak_planks":27,"minecraft:dark_prismarine":1,"minecraft:ender_eye":44,"minecraft:sea_lantern":149,"minecraft:black_concrete":118,"minecraft:crying_obsidian":1,"minecraft:quartz_pillar":62,"minecraft:dark_oak_log":12,"minecraft:command_block":2,"minecraft:quartz_slab":100,"minecraft:music_disc_mall":7,"minecraft:grass_block":125,"minecraft:string":5,"minecraft:barrier":431,"minecraft:map":457,"minecraft:lectern":32,"minecraft:dark_oak_leaves":17,"minecraft:smooth_quartz":560,"minecraft:gravel":135,"minecraft:stone_brick_stairs":128,"minecraft:item_frame":649,"minecraft:bedrock":4,"minecraft:glowstone":19,"minecraft:written_book":6,"minecraft:oak_sapling":98,"minecraft:salmon_spawn_egg":6,"minecraft:white_stained_glass_pane":74,"minecraft:andesite":41,"minecraft:bucket":1,"minecraft:chain":1,"minecraft:ice":2,"minecraft:end_portal_frame":43,"minecraft:sea_pickle":8,"minecraft:magenta_shulker_box":37,"minecraft:jukebox":6,"minecraft:bone_meal":859,"minecraft:dark_oak_sapling":224},"minecraft:dropped":{"minecraft:gravel":1,"minecraft:cooked_chicken":1,"minecraft:barrier":67,"minecraft:quartz_pillar":2,"minecraft:oak_sign":1,"minecraft:grass_block":3,"minecraft:item_frame":1,"minecraft:end_rod":1,"minecraft:filled_map":216,"minecraft:stone":3,"minecraft:ice":1,"minecraft:andesite":1,"minecraft:melon_slice":2,"minecraft:smooth_quartz":2,"minecraft:music_disc_mall":1,"minecraft:map":6,"minecraft:bone_meal":1},"minecraft:picked_up":{"minecraft:barrier":65,"minecraft:salmon":1,"minecraft:lead":1,"minecraft:filled_map":214,"minecraft:ice":1,"minecraft:bedrock":1,"minecraft:stone_brick_stairs":1,"minecraft:map":5,"minecraft:cornflower":1,"minecraft:dirt":103,"minecraft:flint_and_steel":1,"minecraft:twisting_vines":2,"minecraft:item_frame":35,"minecraft:wheat_seeds":3,"minecraft:redstone_torch":1,"minecraft:written_book":4,"minecraft:smooth_quartz":1,"minecraft:poppy":1,"minecraft:melon_slice":1,"minecraft:stone":1,"minecraft:dandelion":4,"minecraft:gravel":1,"minecraft:quartz_pillar":3,"minecraft:grass_block":1,"minecraft:music_disc_mall":7,"minecraft:oak_sapling":2,"minecraft:rail":6,"minecraft:cobblestone":36,"minecraft:oxeye_daisy":2},"minecraft:killed":{"minecraft:bat":1,"minecraft:wandering_trader":1,"minecraft:trader_llama":2},"minecraft:custom":{"minecraft:mob_kills":4,"minecraft:interact_with_anvil":1,"minecraft:inspect_hopper":2,"minecraft:play_record":7,"minecraft:play_one_minute":651449,"minecraft:open_shulker_box":6,"minecraft:leave_game":43,"minecraft:time_since_death":253,"minecraft:climb_one_cm":515,"minecraft:time_since_rest":280,"minecraft:walk_one_cm":1291105,"minecraft:sprint_one_cm":131972,"minecraft:damage_taken":840,"minecraft:drop":247,"minecraft:talked_to_villager":2,"minecraft:fly_one_cm":1695651,"minecraft:open_chest":284,"minecraft:crouch_one_cm":32988,"minecraft:deaths":16,"minecraft:sneak_time":18277,"minecraft:walk_under_water_one_cm":1031,"minecraft:interact_with_lectern":6,"minecraft:jump":1633,"minecraft:walk_on_water_one_cm":8511,"minecraft:fall_one_cm":269,"minecraft:inspect_dispenser":2}},"DataVersion":2567}